group,names,scores,logfoldchanges,pvals,pvals_adj
21,EMP3,54.686745,10.837106,0.0,0.0
17,TNFAIP2,73.28272,9.511197,0.0,0.0
18,PLEKHO1,50.86982,8.645268,0.0,0.0
9,SCGB3A2,46.82528,8.31217,0.0,0.0
7,SFTPC,118.213135,8.230751,0.0,0.0
16,UTRN,42.06886,6.858839,0.0,0.0
9,PIGR,95.43119,6.5357227,0.0,0.0
7,SFTPD,58.608414,6.281253,0.0,0.0
13,EIF4E3,38.786495,6.2703567,0.0,0.0
9,SERPINA1,84.794525,6.1923966,0.0,0.0
7,SFTPA1,64.54084,6.1059933,0.0,0.0
2,MS4A1,52.86351,5.6160984,0.0,0.0
5,SCGB3A1,125.53083,5.461735,0.0,0.0
0,IGLC2,218.63235,5.457563,0.0,0.0
0,IGLC3,210.6265,5.4083195,0.0,0.0
7,SFTPB,105.29477,5.2577486,0.0,0.0
7,SFTPA2,101.61195,5.1982713,0.0,0.0
5,BPIFA1,121.57314,5.1912003,0.0,0.0
0,IGKC,216.96724,4.884814,0.0,0.0
9,SFTPB,92.87534,4.767351,0.0,0.0
1,COL3A1,184.15038,4.512004,0.0,0.0
0,IGHG1,164.96042,4.3194313,0.0,0.0
0,JCHAIN,41.552246,4.2886095,0.0,0.0
0,IGLC1,63.590717,4.1624475,0.0,0.0
1,COL1A2,141.06273,4.0515203,0.0,0.0
8,FOSB,49.003498,4.0391192,0.0,0.0
0,IGHA1,130.30115,4.009862,0.0,0.0
1,COL1A1,160.42842,3.9451232,0.0,0.0
3,APOE,119.786896,3.9023583,0.0,0.0
0,IGHG3,90.459465,3.8088486,0.0,0.0
0,IGHM,92.20141,3.7485445,0.0,0.0
5,CEACAM6,145.41553,3.7191904,0.0,0.0
2,CD37,38.820957,3.7061174,0.0,0.0
2,CLU,52.990845,3.6952186,0.0,0.0
1,COL5A1,52.1509,3.3403344,0.0,0.0
3,LYZ,83.823326,3.3182268,0.0,0.0
3,CD68,42.24288,3.2810686,0.0,0.0
1,COL6A3,85.58141,3.1933815,0.0,0.0
1,FN1,79.22834,3.190264,0.0,0.0
0,IGHG2,80.2481,3.1749105,0.0,0.0
5,MUC3A,42.70539,3.1364324,0.0,0.0
5,S100A6,122.49645,3.1082392,0.0,0.0
2,CXCR4,73.63346,3.07776,0.0,0.0
8,ELF3,72.43833,3.0550933,0.0,0.0
1,AEBP1,49.732594,3.0172021,0.0,0.0
5,LY6E,94.20615,2.910543,0.0,0.0
1,CTHRC1,40.097996,2.878958,0.0,0.0
9,SFTPA2,49.162388,2.8514824,0.0,0.0
5,SLC34A2,103.08449,2.8403525,0.0,0.0
8,RHOB,52.583893,2.8236775,0.0,0.0
8,FOS,62.607212,2.8182883,0.0,0.0
8,ZFP36,64.23906,2.8041768,0.0,0.0
1,MMP2,63.28897,2.786313,0.0,0.0
3,FTL,72.90967,2.7744544,0.0,0.0
5,MUC1,70.45476,2.7079215,0.0,0.0
5,CLDN4,81.49091,2.658086,0.0,0.0
5,CP,54.726135,2.6530318,0.0,0.0
3,PSAP,63.240894,2.6328056,0.0,0.0
1,SPARC,80.3378,2.6320422,0.0,0.0
5,ELF3,90.77427,2.6298513,0.0,0.0
1,LUM,57.48283,2.6014557,0.0,0.0
3,CD74,92.79677,2.588305,0.0,0.0
5,AGR2,54.08833,2.5571604,0.0,0.0
1,BGN,57.278973,2.5293732,0.0,0.0
5,MLPH,60.564583,2.5184138,0.0,0.0
5,CEACAM5,68.66512,2.4957566,0.0,0.0
3,CTSZ,47.266815,2.4197042,0.0,0.0
5,IFI6,52.062183,2.408803,0.0,0.0
5,CXCL17,47.73522,2.3781323,0.0,0.0
5,CAPN2,73.43176,2.3751426,0.0,0.0
5,NAPSA,55.866398,2.3644183,0.0,0.0
5,WFDC2,52.38515,2.3636389,0.0,0.0
5,MMP7,46.348057,2.357155,0.0,0.0
5,CAPN13,52.44087,2.341773,0.0,0.0
5,RNASE1,74.96284,2.3357399,0.0,0.0
5,MT-CO2,91.08677,2.3242779,0.0,0.0
5,SLPI,38.767067,2.322763,0.0,0.0
3,CTSB,63.445705,2.3067694,0.0,0.0
5,TACSTD2,44.840633,2.2935145,0.0,0.0
5,MT-CO3,87.73441,2.2897387,0.0,0.0
1,DCN,52.24532,2.2896106,0.0,0.0
5,MT-CYB,89.61796,2.2878337,0.0,0.0
8,CEACAM6,59.55687,2.2840943,0.0,0.0
8,CLDN4,46.610542,2.2802763,0.0,0.0
5,IFI27,43.513577,2.2788775,0.0,0.0
5,MDK,56.8479,2.2710588,0.0,0.0
0,TXNDC5,42.360493,2.2572165,0.0,0.0
9,SLC34A2,51.351723,2.2263103,0.0,0.0
5,SPINT2,50.19855,2.2184446,0.0,0.0
2,CD74,79.30845,2.1316462,0.0,0.0
1,MGP,44.761814,2.009421,0.0,0.0
8,NFKBIA,39.98755,2.0052238,0.0,0.0
2,TXNIP,40.30633,1.9760169,0.0,0.0
8,S100A6,51.937984,1.958176,0.0,0.0
1,TIMP1,51.798042,1.8851981,0.0,0.0
4,A2M,48.564133,1.7999815,0.0,0.0
1,C3,40.406227,1.7334996,0.0,0.0
8,SAT1,40.42627,1.6929361,0.0,0.0
8,MT-CO3,44.20332,1.5833235,0.0,0.0
3,FTH1,56.662754,1.494922,0.0,0.0
1,A2M,41.411144,1.3078427,0.0,0.0
3,VIM,41.147926,1.2794156,0.0,0.0
3,TMSB4X,44.599976,0.9415312,0.0,0.0
2,TMSB4X,51.16109,0.87005585,0.0,0.0
0,TMSB4X,-38.647755,-0.88828045,0.0,0.0
0,MT-ND4L,-39.081276,-1.2088721,0.0,0.0
0,ACTB,-45.013615,-1.2727109,0.0,0.0
0,MT-ATP6,-48.060944,-1.3000292,0.0,0.0
0,MT-ND4,-48.579487,-1.3051046,0.0,0.0
0,MT-CYB,-52.030586,-1.3683281,0.0,0.0
0,MT-CO2,-51.630737,-1.3765641,0.0,0.0
0,SAT1,-40.604324,-1.4056736,0.0,0.0
0,TMSB10,-57.61231,-1.4572159,0.0,0.0
0,MT-CO1,-57.88187,-1.4814366,0.0,0.0
4,CEACAM6,-43.04009,-1.5163556,0.0,0.0
0,MT-CO3,-67.20771,-1.558443,0.0,0.0
6,CD74,-39.698635,-1.6638099,0.0,0.0
6,IGKC,-54.71229,-1.7980897,0.0,0.0
0,S100A6,-63.9219,-1.8305664,0.0,0.0
0,SLC34A2,-48.158134,-1.8435476,0.0,0.0
2,COL1A1,-49.581837,-1.9192271,0.0,0.0
6,IGHG1,-44.802265,-1.9625182,0.0,0.0
2,S100A6,-62.669044,-1.9764037,0.0,0.0
2,SLC34A2,-46.796146,-2.0295932,0.0,0.0
0,CEACAM6,-65.562035,-2.08036,0.0,0.0
6,IGLC2,-53.582813,-2.2235522,0.0,0.0
0,ELF3,-49.85727,-2.2415266,0.0,0.0
2,ELF3,-46.451202,-2.3426569,0.0,0.0
8,IGLC2,-39.50096,-2.3536816,0.0,0.0
2,CEACAM6,-66.68271,-2.4060311,0.0,0.0
8,IGKC,-55.46972,-2.4196894,0.0,0.0
6,IGLC3,-51.973854,-2.534892,0.0,0.0
7,COL1A1,-38.943447,-2.5773232,0.0,0.0
7,COL3A1,-41.39974,-2.7180278,0.0,0.0
4,EPAS1,37.603127,2.8993733,1.911087822633083e-309,1.1621325049431778e-305
1,TAGLN,37.142826,2.1803815,5.724234874741634e-302,5.801512045550646e-299
0,CLDN4,-36.616974,-2.1410174,1.5357402650123824e-293,1.0376485057266997e-290
1,VIM,36.29636,1.0171255,1.8466154721668194e-288,1.773042424144173e-285
1,THBS2,36.21171,3.6613204,3.982512755033547e-287,3.63264900950385e-284
2,BTG1,36.124607,2.1889799,9.32026568953775e-286,1.3079200536479782e-282
20,ISG20,35.888397,7.8281302,4.63421115790783e-282,8.454191415371254e-278
1,COL6A2,35.834026,1.9905833,3.261788161315988e-281,2.833561972708932e-278
1,CCDC80,35.824818,2.6004248,4.537708833687853e-281,3.762791920589432e-278
9,SCGB1A1,35.771866,8.386357,3.0247936921159053e-280,7.883044475038638e-277
4,S100A6,-35.702824,-1.1302481,3.573665756123116e-279,1.6298596097238502e-275
8,MT-CO2,35.52928,1.3531759,1.7361152528664817e-276,2.2622821827173734e-273
8,MT-CO1,35.50107,1.3399798,4.732636564465204e-276,5.755832589702582e-273
8,SLC34A2,35.45924,1.5118897,2.08986491549865e-275,2.382837853340117e-272
0,RNASE1,-35.289238,-1.6325831,8.588003238485124e-273,5.595390824274433e-270
8,DDIT4,35.12029,2.6356196,3.304231449550459e-270,3.5458290784793547e-267
4,MT-CO3,-35.118774,-0.9727937,3.4849584298438528e-270,1.2715219327128281e-266
8,CD55,35.067303,1.7906754,2.124878607989418e-269,2.153564469197275e-266
8,IGLC3,-35.044212,-2.3847394,4.7768077398345595e-269,4.5864896630422044e-266
8,TMSB10,34.738483,1.3157895,2.0685556759060307e-264,1.886833059777686e-261
6,COL3A1,-34.7373,-1.4192362,2.1555323927344318e-264,6.553896240109039e-261
7,IGKC,-34.66367,-1.3898001,2.780505066239406e-263,6.340594240425685e-260
0,MT-ND2,-34.488163,-1.2545296,1.2070743077687163e-260,7.593329860905066e-258
6,IGHA1,-34.293842,-2.2022638,9.694541602830965e-258,2.5265360351492184e-254
3,C1QC,34.233456,3.1304429,7.688531769022825e-257,1.168849042185695e-253
9,NAPSA,34.047344,2.232812,4.443259061929002e-254,1.0132296883346348e-250
2,RNASE1,-33.952915,-1.7959975,1.1046654299754033e-252,1.4394579599315202e-249
0,LY6E,-33.87327,-1.640142,1.6494329814796498e-251,1.0030201960377751e-248
1,IGKC,33.750595,0.8599601,1.0477426954930745e-249,8.310421736469633e-247
8,MT-CYB,33.74465,1.2901602,1.280767139712174e-249,1.11262071094139e-246
2,COL3A1,-33.669735,-1.1797324,1.603654826021176e-248,1.9503649994069542e-245
3,C1QA,33.600773,3.1477962,1.634539779192394e-247,2.293762245523603e-244
2,CLDN4,-33.092144,-2.1428692,3.855104619135273e-240,4.395542097930299e-237
13,DNM2,32.957005,5.124771,3.357804070391831e-238,3.062820982807908e-234
1,COMP,32.866787,4.182813,6.557481864220751e-237,4.9845059020407984e-234
9,MUC1,32.695206,2.0222754,1.826971049554368e-234,3.7032703174467036e-231
4,SLC34A2,-32.686,-1.3803476,2.4692257952972944e-234,7.507681030601423e-231
4,MT-CO2,-32.49675,-0.9887107,1.1852221495735119e-231,3.088858239238511e-228
2,SAT1,-32.310856,-1.1928582,4.9243395214829886e-229,5.284395640612598e-226
8,MT-ATP6,32.28867,1.2443895,1.0089121721655087e-228,8.366174889461534e-226
3,RGS1,32.11336,1.6822444,2.8697377768233164e-226,3.739473304470554e-223
1,CCN2,32.09176,2.5077753,5.745051089921817e-226,4.1922786813377485e-223
10,IGKC,-31.86624,-1.7237699,7.842490029670766e-223,1.4307054561128377e-218
2,CXCL13,31.585463,5.668899,5.847004590844132e-219,5.925939152820527e-216
8,IGHG1,-31.432459,-2.0028882,7.29057393846372e-217,5.782693059104071e-214
1,C1S,31.39969,1.8988043,2.0430905024425048e-216,1.4335423090791774e-213
2,LAPTM5,31.342697,2.0586114,1.2234351309301746e-215,1.1746908996610094e-212
2,LY6E,-31.234247,-1.6906483,3.653836221514416e-214,3.332846709454375e-211
2,ZFP36L2,31.226603,1.8353353,4.6403821591052855e-214,4.0311662727884634e-211
7,LRRK2,31.134062,4.4939284,8.336320200757169e-213,1.689772104693478e-209
4,MT-CO1,-31.114359,-0.9103926,1.5401337090094766e-212,3.512082406682485e-209
2,ETS1,31.001766,2.4708471,5.102856682726639e-211,4.231427930135549e-208
9,NPC2,30.9679,1.9412038,1.4588734100847026e-210,2.661422762017523e-207
4,VWF,30.428984,4.446509,2.272772118595729e-203,4.606909084393542e-200
8,RNASE1,30.255854,1.4659735,4.369746834029124e-201,3.3215538122163876e-198
2,CEACAM5,-30.241451,-2.407458,6.758789351224527e-201,5.36089539714735e-198
8,MT-ND4,30.16546,1.1686195,6.72554484209675e-200,4.9077645821748405e-197
9,CD55,30.146503,1.658876,1.1920092803960079e-199,1.9768932092967612e-196
8,CEACAM5,30.080118,1.6950119,8.818960375663619e-199,6.187857466662745e-196
1,SERPINE1,29.981808,2.6852014,1.6945171378802346e-197,1.1449287461610785e-194
1,SFTPA2,-29.951628,-2.6870396,4.190208903648197e-197,2.730070751044788e-194
2,TRAC,29.884867,2.9519105,3.0950712002135627e-196,2.352640996062334e-193
1,CCN1,29.845839,2.080996,9.941133829373162e-196,6.2536587741122275e-193
2,CCL19,29.533318,2.6661332,1.0755888451927936e-191,7.848786921140852e-189
7,IGHG1,-29.503567,-1.6517034,2.591068111827557e-191,4.7268855564070125e-188
4,ELF3,-29.494623,-1.3565449,3.374312838246584e-191,6.155758910813244e-188
14,MGAT4A,29.48526,5.3429027,4.4489273395619824e-191,8.116178145562925e-187
8,ERRFI1,29.368227,2.2247055,1.3984543376384403e-189,9.448889807977062e-187
6,VIM,-28.812187,-1.2548882,1.5092404563282302e-182,3.441634205599488e-179
8,CD74,-28.808851,-1.770047,1.6617532201472772e-182,1.0826915712552421e-179
3,LIPA,28.780754,3.296489,3.735486700462833e-182,4.543098925102897e-179
4,ADAMTS1,28.663559,4.071083,1.0864363953409546e-180,1.8018053782004576e-177
8,JUN,28.59193,1.7765249,8.464881859008454e-180,5.324994474272111e-177
2,TRBC2,28.517914,2.958786,7.025051015856299e-179,4.929154064702556e-176
2,IGLC2,-28.268019,-0.9058186,8.548795497212734e-176,5.776136157616737e-173
1,SFTPB,-28.142916,-2.2837114,2.9259939344803533e-174,1.779296911557503e-171
4,TMSB10,-28.10146,-0.8170565,9.402043661233164e-174,1.4293456875989718e-170
4,IGLC2,-27.996088,-0.9655316,1.8131360820052402e-172,2.5443878110785843e-169
8,DUSP1,27.937084,1.5232695,9.461990558491175e-172,5.753836458618484e-169
15,CELF2,27.805351,5.106765,3.737371486899662e-170,6.818086803551053e-166
3,CTSD,27.586664,1.9857255,1.6084426204556841e-167,1.8339261703108154e-164
4,IGLC3,-27.526697,-1.0465595,8.41425395993393e-167,1.0964373927933907e-163
4,IGKC,-27.48195,-0.7973651,2.8854898663857884e-166,3.5093327754983956e-163
3,C1QB,27.480698,3.2822704,2.986609748547296e-166,3.204983626044019e-163
9,CTSH,27.348846,2.244122,1.1145307426473645e-164,1.6943653615096558e-161
4,RGS5,27.309267,4.136319,3.2921633354998764e-164,3.753683483095265e-161
11,IGKC,-27.16857,-1.7583569,1.528027773676664e-162,2.787581067518338e-158
2,IGLC3,-27.113934,-0.9598601,6.74562906612425e-162,4.3950182519037396e-159
10,IGLC2,-26.991568,-1.8460325,1.8562493681259095e-160,1.6931778611360484e-156
4,NOTCH3,26.940947,2.9960988,7.28260567502897e-160,7.815092666444324e-157
6,A2M,-26.82732,-1.4533299,1.5516062396908909e-158,3.1451058478534354e-155
14,TP53INP1,26.75936,4.922516,9.60907189747754e-158,8.764914931284138e-154
2,LTB,26.754686,3.852997,1.0890848144444129e-157,6.8510945758308365e-155
2,CAPN2,-26.701162,-1.4526113,4.562685790848971e-157,2.7745692294152593e-154
4,MT-ATP6,-26.48231,-0.81130844,1.5497154307125766e-154,1.5706365890271963e-151
6,COL1A2,-26.413769,-1.4964532,9.519995269326858e-154,1.7367327369832987e-150
3,A2M,26.32771,0.90886354,9.24012909542783e-153,9.364870838216104e-150
12,SOD2,26.169231,4.6407695,5.954712593512904e-151,1.086318218434559e-146
3,IGKC,26.063477,0.7388877,9.464862912418722e-150,9.087762847960777e-147
6,IGHM,-26.058489,-3.481872,1.0780413545048944e-149,1.7878825845666172e-146
4,COL4A1,26.039759,2.5890899,1.7573040270942432e-149,1.6872893350673833e-146
4,MT-ND4,-26.00837,-0.79094803,3.982309542351091e-149,3.632463649055548e-146
10,IGLC3,-25.798279,-2.0249445,9.270479703173106e-147,5.637378707499565e-143
9,CTSE,25.77328,4.3783417,1.7679948492470629e-146,2.481040771908782e-143
3,LAPTM5,25.748365,1.7588049,3.3622396763019806e-146,3.0668669207388517e-143
3,GLUL,25.711643,1.0396614,8.661320267181426e-146,7.524212649247179e-143
4,MT-CYB,-25.670107,-0.7675436,2.521919768878544e-145,2.190827730650061e-142
6,COL1A1,-25.473864,-0.98573166,3.841417733728662e-143,5.839915309700998e-140
19,TPM2,25.27537,5.1762886,5.960408516900122e-141,1.0873573257380892e-136
6,APOE,-25.202047,-1.4542396,3.80383255264271e-140,5.337947481373919e-137
3,CEACAM6,-25.172464,-0.8059306,8.023188073968148e-140,6.653046365154588e-137
9,AQP1,25.124868,2.9909396,2.660735149493063e-139,3.467127952300139e-136
3,MS4A6A,24.854185,3.226612,2.3300166833175077e-136,1.8481084501635344e-133
3,CTSS,24.804136,2.036211,8.089440463502749e-136,6.148985932320027e-133
18,MRC2,24.782558,6.063846,1.382402843165321e-135,1.2609587533932475e-131
4,AQP1,24.54908,2.8026643,4.424002770726318e-133,3.6685037521072826e-130
12,MACF1,24.459496,4.2901387,3.9880189566507216e-132,3.6376714913089556e-128
3,LGMN,24.342897,2.0089505,6.893579043993637e-131,4.86216258975317e-128
3,GPNMB,24.342684,3.7440195,6.92957448520432e-131,4.86216258975317e-128
3,B2M,24.313923,1.0763404,1.3967168623414259e-130,9.437150266553569e-128
7,COL1A2,-24.302254,-2.1227798,1.85565187463454e-130,3.077514286268901e-127
9,WFDC2,24.209955,1.8086146,1.7475841213206656e-129,2.1254118083501934e-126
3,APOC1,23.561197,3.7985072,9.638382233171647e-123,6.279750252848227e-120
19,PALLD,23.53903,5.83389,1.6260754060070333e-122,1.4832246815893153e-118
4,LY6E,-23.395037,-1.2540133,4.800744791105913e-121,3.807825531484573e-118
4,COL1A1,-23.32535,-0.84480417,2.45239263848425e-120,1.8641249543278405e-117
6,ZFP36,-23.290575,-1.1838635,5.523950601329111e-120,7.198102201431927e-117
10,IGHG1,-23.162315,-1.6951363,1.0924733681676263e-118,4.982497913870502e-115
3,FCER1G,23.063944,3.2539105,1.0658300620859e-117,6.704806145735543e-115
14,IGKC,-22.975842,-1.7634318,8.131138455512138e-117,4.944545294796931e-113
4,SAT1,-22.93968,-0.8553529,1.867981536376279e-116,1.3631034867244984e-113
7,S100A6,-22.7914,-0.9852649,5.580270137365988e-115,8.483405676330643e-112
7,TMSB10,-22.784245,-0.90780693,6.570588936493969e-115,9.220557997573804e-112
6,IGHG2,-22.702873,-2.0508645,4.196513256446166e-114,5.103799422489827e-111
4,COL4A2,22.689238,2.605849,5.722148291596243e-114,4.014967357061164e-111
20,CHST11,22.488033,6.344741,5.435504925026062e-112,4.957995817362522e-108
9,MT-CO1,22.437016,0.898755,1.713694048810442e-111,1.9539325332780557e-108
4,DUSP1,22.406443,1.1195091,3.405817363410197e-111,2.301197265210823e-108
7,CEACAM6,-22.37694,-1.0411862,6.602362692887606e-111,8.603350186167758e-108
4,CLDN4,-22.372007,-1.3222224,7.374148963323023e-111,4.804521412067925e-108
6,SPARC,-22.172932,-1.4349734,6.269065285394281e-109,7.147909875090491e-106
4,MT-ND4L,-22.115742,-0.7537492,2.230140816850836e-108,1.402912376614131e-105
4,IGHG1,-22.01939,-0.80535084,1.8777213409536718e-107,1.1418423474339278e-104
3,OAZ1,21.957891,0.9005358,7.280024085267027e-107,4.426982646250879e-104
11,IGLC2,-21.918747,-1.7947254,1.7212974501141472e-106,1.5700814691216192e-102
14,SEL1L,21.884457,4.461453,3.653357951162549e-106,1.6662052275764595e-102
13,OPTN,21.742382,4.2469096,8.155305354992046e-105,4.959241186370663e-101
6,IGHG3,-21.661455,-2.4497242,4.740232282455359e-104,5.0868269134607716e-101
9,SELENOW,21.654654,1.2448555,5.494322303412762e-104,5.896054222421119e-101
14,CEACAM6,21.544828,1.4987575,5.9202692902839065e-103,2.160069453252986e-99
13,IGKC,-21.4198,-1.537409,8.736482088279792e-102,3.984491068412206e-98
16,RNF149,21.400116,4.193239,1.3327717335873917e-101,1.2156877367917392e-97
9,COL3A1,-21.102896,-1.292757,7.48114378177141e-99,7.582139222825323e-96
11,IGLC3,-21.081987,-1.9768326,1.1639154818145006e-98,7.077770044913978e-95
6,TMSB4X,-20.997824,-0.8000432,6.866003909358725e-98,6.958694962135066e-95
6,TIMP1,-20.89401,-1.4156461,6.070252030945097e-97,5.828400410554285e-94
14,IGLC2,-20.762375,-2.1036081,9.476576169972972e-96,2.881352984480282e-92
15,RGS2,20.63169,4.7890635,1.4257916184105003e-94,1.3005358247331377e-90
6,FOS,-20.621445,-1.0992359,1.7621425249445945e-94,1.607338304128212e-91
6,DUSP1,-20.496096,-1.3580012,2.3327362509477906e-93,2.026481306001931e-90
9,MT-ND6,20.287214,1.1660298,1.6678076101649305e-91,1.6013586438020438e-88
6,SCGB3A1,-20.28604,-5.8931155,1.7081354850273631e-91,1.4164325296979176e-88
12,DOCK4,19.997505,4.3668747,5.789634608493768e-89,3.5206768054250604e-85
9,IFI6,19.81894,1.5567534,2.0437142563529568e-87,1.8641739589323497e-84
10,CD74,-19.76301,-1.3697894,6.199439217462022e-87,2.2619273928831935e-83
9,MMP7,19.710724,1.6693325,1.744560545313267e-86,1.5155246680071396e-83
6,FTL,-19.506092,-1.3149774,9.745370600052448e-85,7.72977373290247e-82
11,ARRB2,19.454313,4.2559614,2.679210296610266e-84,1.221920836026527e-80
11,CD74,-19.352556,-1.7063291,1.9397734773615e-83,7.077457509501168e-80
9,SCGB3A1,19.082077,1.7452418,3.5582871598768784e-81,2.950628757165177e-78
11,IGHG1,-19.039114,-1.6636508,8.088335846926561e-81,2.459258514258021e-77
10,S100A4,19.037247,3.279338,8.381993761562638e-81,2.5485452032031198e-77
10,COL3A1,-18.97915,-1.3312804,2.5366708613551725e-80,6.610926646243202e-77
11,TBC1D2B,18.76711,4.251886,1.4031095755653836e-78,3.656703998148471e-75
6,FTH1,-18.711603,-0.5968105,3.9821938962183463e-78,3.0269651353629703e-75
6,COL6A3,-18.67233,-1.569094,8.314324420558247e-78,6.067128816169764e-75
6,C3,-18.54471,-1.5262488,8.998359749648286e-77,6.3137337274166794e-74
6,LYZ,-18.538115,-1.4943286,1.0172597063028999e-76,6.873284748919928e-74
9,PON2,18.38875,1.3469746,1.6166531922294067e-75,1.282287138514829e-72
15,IGKC,-18.297546,-1.4161587,8.656030774032534e-75,5.263732313689184e-71
14,IGLC3,-18.19362,-2.078204,5.798047265037549e-74,1.511053946515429e-70
12,IGKC,-18.08816,-1.2185011,3.9505891077228344e-73,1.8017649273046916e-69
13,IGLC2,-18.080715,-1.6422199,4.521799475468321e-73,1.6498237566193716e-69
12,NR3C1,18.0588,4.116605,6.727011259959468e-73,2.454417328308812e-69
12,TNS3,17.885485,4.252431,1.5301585621845034e-71,4.6524471083219826e-68
9,TCIM,17.819721,1.4928076,4.9682811287623536e-71,3.776514693000484e-68
10,CEACAM6,17.780037,0.90415907,1.0091315393628836e-70,2.3011983340746358e-67
14,MT-CO3,17.729692,1.0298152,2.4738350203971933e-70,5.6412715346382494e-67
15,MORC3,17.713558,4.3643084,3.295608169674253e-70,1.503044495984185e-66
6,BPIFA1,-17.706865,-2.8022985,3.711813662607464e-70,2.4183791659624278e-67
10,CNOT6L,17.703983,3.5400262,3.906712032643892e-70,7.918905290169168e-67
9,SLPI,17.624115,1.7692175,1.6086816365115329e-69,1.1738871637951957e-66
9,FTH1,17.458889,0.71741307,2.9461249526778514e-68,2.0671599042962323e-65
11,CEACAM6,17.37037,1.04551,1.3832795479402434e-67,3.154396099134232e-64
6,SFTPB,-17.271114,-1.4169863,7.762867135987007e-67,4.883378798683137e-64
7,ELF3,-17.10767,-1.0523115,1.301023704855646e-65,1.5823050298454367e-62
13,IGLC3,-17.063915,-1.7574034,2.7545985662144376e-65,8.375356940574997e-62
14,GRK3,17.052109,4.3970823,3.3714745210319163e-65,6.833978854131694e-62
6,CXCR4,-16.971645,-1.5299996,1.3315007802297058e-64,8.09685624457684e-62
9,CD46,16.94047,1.2462903,2.2631089599713555e-64,1.5291072872873127e-61
7,ACTB,-16.927986,-0.7392023,2.7978845215909107e-64,3.190112957961436e-61
10,IGHA1,-16.860851,-1.7385781,8.732260088737979e-64,1.5930262079884695e-60
7,IGLC3,-16.860464,-0.8888786,8.78949765609307e-64,9.43216504353564e-61
9,SFTPA1,16.622564,2.2950552,4.7841678592780176e-62,3.11705622345746e-59
15,IGLC2,-16.302267,-1.5786989,9.509906337389118e-60,3.469784426259794e-56
14,S100A6,16.300724,1.1126243,9.753031918363628e-60,1.779245612867077e-56
7,IGLC2,-16.208244,-0.76870006,4.409925740726752e-59,4.469459738226563e-56
7,SLC34A2,16.14729,0.7889245,1.186626830475639e-58,1.1393491193877414e-55
13,SH3BGRL,16.132374,3.7562754,1.5109959163664317e-58,3.9378712146104024e-55
7,PGC,16.007753,5.752016,1.1281157382212094e-57,1.0290107706184762e-54
11,COL3A1,-15.98713,-1.3574264,1.5710442242469393e-57,3.1845066425485455e-54
12,IGLC2,-15.982776,-1.2938873,1.684738758948559e-57,4.390669882785509e-54
10,A2M,-15.692442,-1.5224922,1.7037449509371028e-55,2.8255835581768695e-52
12,IGLC3,-15.641494,-1.4129363,3.797143262742649e-55,8.658910567776768e-52
15,IGLC3,-15.603173,-1.7144448,6.926404136864665e-55,2.1059731778137012e-51
13,CEACAM6,15.51214,1.0542766,2.871477432542554e-54,6.548045350234226e-51
14,CD74,-15.434204,-1.6010503,9.63814823101014e-54,1.5984430743483452e-50
9,C4BPA,15.250446,3.952161,1.6351235359651867e-52,1.0286054712625139e-49
12,MPEG1,15.158266,4.034439,6.681016343816691e-52,1.3542420128916431e-48
11,IGHA1,-15.144741,-1.9662786,8.207768194377217e-52,1.4973431517002358e-48
15,GNA13,15.004324,3.8885205,6.878814635711916e-51,1.7927173628470356e-47
14,COL3A1,-14.839945,-1.5557227,8.082256654191615e-50,1.2287050678534803e-46
16,IGKC,-14.7985735,-1.3622767,1.4962203756833289e-49,9.098516104530322e-46
19,NNMT,14.710476,4.7383366,5.521784091921502e-49,3.3577969062974654e-45
13,IGHG1,-14.608132,-1.3964081,2.4925593994102694e-48,5.052417902604616e-45
9,IFITM3,14.6057,1.0447348,2.5831823609520352e-48,1.5708331936949325e-45
14,IGHG1,-14.58404,-1.5062214,3.5488217225036375e-48,4.980088821817989e-45
14,ELF3,14.427777,1.2129706,3.460553202942227e-47,4.509348005805361e-44
10,S100A6,14.352219,0.70135903,1.031824562456875e-46,1.5686312910750642e-43
10,COL1A2,-14.239211,-1.3950514,5.2314412763639964e-46,7.341321784977567e-43
16,AKR1B1,14.139583,4.3663383,2.1656423207500682e-45,9.876953214360873e-42
13,CD74,-14.088542,-1.3247268,4.4668856186430384e-45,8.148939434090496e-42
7,MUC1,14.00928,1.111304,1.3678397701624282e-44,1.1882619489082465e-41
10,MT-CO3,13.992048,0.474971,1.7431910720104644e-44,2.271502480477636e-41
12,COL3A1,-13.886894,-1.2040681,7.606229877199434e-44,1.387604516497493e-40
10,VIM,-13.870924,-1.0108274,9.504398472071493e-44,1.155924942173335e-40
10,APOE,-13.804966,-1.388493,2.378857279305587e-43,2.712343334148239e-40
17,IGKC,-13.790662,-1.2974348,2.9008537862212764e-43,2.6460137811017373e-39
7,TIMP1,-13.790524,-1.2745999,2.906442844400795e-43,2.4101016732001683e-40
12,IGHG1,-13.654217,-1.1767727,1.9052702230781402e-42,3.1598040617831376e-39
13,S100A6,13.646377,0.8923128,2.121696526575336e-42,3.5187372485739865e-39
11,A2M,-13.62296,-1.6503601,2.92469511708955e-42,4.850473911005878e-39
11,S100A6,13.552808,0.7889692,7.625633869689738e-42,1.1592869890395824e-38
7,IGHA1,-13.345232,-0.94176316,1.262767919324141e-40,1.0015945718361002e-37
15,IGHG1,-13.3052845,-1.365226,2.1566970565125218e-40,4.918078050244742e-37
17,BIRC3,13.288296,4.4132276,2.706742556141749e-40,1.6459701483897977e-36
7,COL6A3,-13.24054,-1.5507679,5.118005225971158e-40,3.890323722391326e-37
14,TMSB10,13.20384,0.8564084,8.33740268005501e-40,1.0139949139482905e-36
15,NFKB2,13.045768,3.9692492,6.717675168797038e-39,1.3616727567151595e-35
7,NAPSA,12.956387,1.1088116,2.1619523005349875e-38,1.5776198327463911e-35
15,CD74,-12.771965,-1.2720203,2.3514239453392086e-37,4.289702703482318e-34
13,COL3A1,-12.681905,-1.1887434,7.449897365693886e-37,1.132570647019613e-33
14,ELL2,12.615516,3.3750107,1.7341783294638037e-36,1.9772884540255106e-33
7,SPARC,-12.601591,-1.0226781,2.0692645704945566e-36,1.4519074445973921e-33
11,MT-CO3,12.594246,0.54567724,2.271193267393987e-36,3.187182982851423e-33
7,CEACAM5,-12.517041,-1.1815058,6.023919787431925e-36,4.0701618030415046e-33
7,CTSB,-12.50148,-0.93629724,7.327376074636115e-36,4.774047204628095e-33
16,CD74,-12.4458475,-1.5442259,1.4731205900449807e-35,5.374827784838117e-32
7,SLPI,12.3923645,1.511578,2.874411333528488e-35,1.8082029640538002e-32
10,COL1A1,-12.348038,-0.8168298,4.991396713520707e-35,5.356355896750486e-32
12,CD74,-12.329426,-1.0105608,6.289325239548682e-35,9.561346695423884e-32
10,SPARC,-12.292033,-1.3958385,9.995932915695753e-35,1.0130878010057644e-31
15,PLXDC2,12.281959,3.7045488,1.1322421922806104e-34,1.8777722103431978e-31
16,IGLC3,-12.274492,-1.5780776,1.2416797315977873e-34,3.775327223923072e-31
11,CORO1C,12.248574,3.4522395,1.7097561809607095e-34,2.2279344292333016e-31
14,MT-CO2,12.207727,0.8227237,2.8267604316236787e-34,3.0334465031829867e-31
16,IGLC2,-12.154088,-1.3784792,5.456753807042517e-34,1.422107995741095e-30
7,IGHG2,-12.118309,-1.280351,8.448415488201023e-34,5.137481458375042e-31
14,CEACAM5,12.0254,1.3314898,2.613200386334197e-33,2.6484785915497083e-30
17,CEACAM6,11.964812,1.0864462,5.4320094512303404e-33,2.4774037104698774e-29
14,IGHA1,-11.925913,-1.8033966,8.67285115229858e-33,8.327306503757e-30
14,A2M,-11.865814,-1.7562774,1.7816122846487037e-32,1.6250976454423152e-29
11,NOP53,11.816819,2.9317548,3.195551943489971e-32,3.886430273672503e-29
10,IGHM,-11.802968,-2.0992687,3.7678199819821704e-32,3.6177021016474073e-29
16,IGHG1,-11.759457,-1.4466338,6.313953446124359e-32,1.4398181589705834e-28
11,COL1A2,-11.754888,-1.3961394,6.664923678386046e-32,7.59926266654979e-29
15,COL3A1,-11.749245,-1.1778824,7.125317466639141e-32,1.0832263878658153e-28
14,RNASE1,11.748759,1.1074266,7.166349005080575e-32,6.225509757127854e-29
19,CD74,-11.7394905,-1.8770838,7.996695503639324e-32,3.6470929018223043e-28
13,IGHA1,-11.707376,-1.597297,1.1684004729983841e-31,1.6396253714545785e-28
11,N4BP2L2,11.6910515,2.9789836,1.4162272907287037e-31,1.519778497927279e-28
12,VIM,-11.65947,-1.0856366,2.0531804850686545e-31,2.8812439683928815e-28
10,IGHG2,-11.568577,-1.7000065,5.946052381055692e-31,5.4236916793799495e-28
19,IGLC2,-11.544946,-1.6290615,7.829080895095681e-31,2.85651845538461e-27
14,MT-CYB,11.519777,0.77190846,1.0488130170150113e-30,8.697043577002205e-28
12,CEACAM6,11.4862385,0.7398904,1.547027826345403e-30,2.0158877597156563e-27
17,ELF3,11.410853,1.2223749,3.690900697883697e-30,1.3466620286298457e-26
11,VIM,-11.370573,-0.99260294,5.8601827382888885e-30,5.939295205255788e-27
13,MT-CO3,11.006215,0.5641586,3.566739527483375e-28,4.647716371419944e-25
10,TIMP1,-10.987631,-1.2900088,4.382783087962544e-28,3.807386279700033e-25
10,SFTPB,-10.956593,-1.7148749,6.178214235947989e-28,5.123143741199962e-25
13,A2M,-10.802737,-1.4116342,3.340913926771962e-27,4.06321951774006e-24
14,MT-ND4,10.786066,0.7409426,4.005697244458837e-27,3.177214557854894e-24
10,C3,-10.757866,-1.6272018,5.4415833269258095e-27,4.316121940569893e-24
16,TFRC,10.742595,3.6662035,6.421373707519033e-27,1.3016124505141078e-23
17,IGLC2,-10.737958,-1.2733706,6.752142000153812e-27,2.0529887751467664e-23
16,COL3A1,-10.657894,-1.2954576,1.601840643969227e-26,2.922237886793061e-23
10,ZFP36,-10.623211,-0.89507395,2.3242644867013553e-26,1.7667315429538675e-23
12,IGHA1,-10.608142,-1.257004,2.7312584175106115e-26,3.321756487376406e-23
11,APOE,-10.422829,-1.2257729,1.9506393843504255e-25,1.8729218046686746e-22
10,SCGB3A1,-10.321515,-3.3255577,5.632705411347596e-25,4.110297792768568e-22
10,IGHG3,-10.289224,-1.7462425,7.880914182501144e-25,5.529673747360322e-22
17,S100A6,10.28867,0.9085546,7.926384226114694e-25,2.0657289633858622e-21
15,CEACAM6,10.233596,0.7616882,1.4021429897046857e-24,1.844468911050116e-21
11,SPARC,-10.2335,-1.4131328,1.4035330590386597e-24,1.2802326798021135e-21
15,IGHA1,-10.232679,-1.4584663,1.4154779781122417e-24,1.844468911050116e-21
13,VIM,-10.192322,-1.0341744,2.145768290392658e-24,2.4465781826020787e-21
11,COL1A1,-10.185007,-0.812792,2.3134283606071673e-24,2.0097082658360266e-21
14,MT-ATP6,10.17975,0.7062967,2.441878554264064e-24,1.787744604879829e-21
14,COL1A2,-10.179431,-1.4866531,2.4499049017154924e-24,1.787744604879829e-21
10,CEACAM5,10.16787,0.9089118,2.7587647898428125e-24,1.8640054096704603e-21
14,MT-CO1,10.161732,0.6693318,2.9380968764295255e-24,2.061526973719378e-21
11,ELF3,10.113124,0.786611,4.831870007698639e-24,4.006718388656649e-21
12,COL1A2,-10.016209,-1.1747894,1.2937140810522948e-23,1.4750766237898134e-20
14,VIM,-9.982064,-1.0868917,1.826268557880589e-23,1.2169669746133945e-20
14,CAPN13,9.979831,1.3547374,1.8678438463616206e-23,1.2169669746133945e-20
10,COL6A3,-9.899565,-1.414844,4.1808943297931195e-23,2.724001973514853e-20
10,LYZ,-9.88345,-1.3668594,4.911247425214098e-23,3.089513337178648e-20
10,ELF3,9.831352,0.6571834,8.250307604202815e-23,5.017012054115732e-20
11,IGHM,-9.81228,-2.0941548,9.969015138143474e-23,7.90716274631093e-20
14,CLDN4,9.807462,1.0246291,1.0456599517463424e-22,6.577922241278802e-20
14,SHISA3,9.75404,1.200973,1.7726963749266792e-22,1.0779766655929136e-19
16,CEACAM6,9.751543,0.85799235,1.8168492181252204e-22,3.013161844205309e-19
11,IGHG2,-9.684442,-1.739513,3.511219105857087e-22,2.668965422839618e-19
17,IGLC3,-9.59903,-1.2541914,8.070028733274762e-22,1.8402691772641435e-18
13,ELF3,9.563647,0.8165854,1.1367838908699418e-21,1.2120085775281688e-18
13,COL1A2,-9.558404,-1.2541393,1.1958644080199003e-21,1.2120085775281688e-18
19,IGLC3,-9.521008,-1.4638436,1.7150875052550993e-21,5.2147235597281294e-18
20,IGLC2,-9.400484,-1.6892294,5.431267310770782e-21,3.3027536516797125e-17
15,VIM,-9.355385,-0.997337,8.329569139810278e-21,1.013042198783726e-17
16,IGHA1,-9.330474,-1.6330922,1.0539876557266445e-20,1.6023247336184313e-17
17,IGHG1,-9.303055,-1.1800994,1.3646729763258985e-20,2.766192123012596e-17
13,CEACAM5,9.2802105,1.0448467,1.6914351240297103e-20,1.624044787772316e-17
12,A2M,-9.257096,-0.9931419,2.100670983727716e-20,2.254267103302631e-17
20,IGLC3,-9.256216,-1.913018,2.118048192446199e-20,9.659888293699001e-17
13,APOE,-9.254318,-1.2579565,2.1560102249311872e-20,1.9666047266709826e-17
19,IGKC,-9.240716,-1.0522316,2.4485429542557973e-20,6.381252730641216e-17
11,IL6ST,9.224549,2.2547085,2.847563276169362e-20,2.0779238738863065e-17
11,ELOVL5,9.160013,3.106348,5.1891030261051126e-20,3.6409540963552137e-17
15,A2M,-9.073126,-1.2056645,1.1565029740858422e-19,1.3186302347655013e-16
11,C3,-8.917236,-1.6528505,4.780696646819701e-19,3.2301573677011784e-16
11,COL6A3,-8.911696,-1.638402,5.025747748991005e-19,3.274454149458675e-16
11,LYZ,-8.875358,-1.5605536,6.970895487965854e-19,4.3851740133434856e-16
16,A2M,-8.799062,-1.478664,1.379646772787152e-18,1.936068928919693e-15
11,IGHG3,-8.771572,-1.8684521,1.7618923298884124e-18,1.0714067258051436e-15
20,IGKC,-8.769994,-1.2937281,1.786759872136781e-18,6.5191720694782594e-15
17,MT-CO3,8.629161,0.6500548,6.18036999375142e-18,1.1274848979600716e-14
12,SPARC,-8.583617,-1.1570975,9.193587980434021e-18,9.31770141816988e-15
12,APOE,-8.537024,-0.9545608,1.377233472192245e-17,1.3223615912212173e-14
13,MT-CO2,8.420967,0.54529834,3.733904477740655e-17,3.2436961613058466e-14
13,IGHM,-8.337409,-1.9385226,7.593580157968595e-17,6.296803764628231e-14
15,COL1A2,-8.33093,-1.1441702,8.020981894579158e-17,8.607457217812211e-14
12,IGHM,-8.290855,-1.637511,1.1243677354462235e-16,1.0255920298872728e-13
17,COL3A1,-8.257575,-1.030347,1.4866200012439542e-16,2.465491698426678e-13
12,SFTPB,-8.197389,-1.5593247,2.456654857281862e-16,2.1341311695901433e-13
12,COL1A1,-8.185449,-0.66822875,2.7129027232028744e-16,2.249612926335911e-13
20,COL3A1,-8.016863,-1.5457777,1.0848039190627112e-15,3.2983463159101735e-12
16,COL1A2,-7.952843,-1.3491614,1.8227875479087426e-15,2.3752223740356567e-12
12,IGHG3,-7.9289584,-1.673482,2.2099126997369267e-15,1.7528451035348153e-12
15,SPARC,-7.8420215,-1.2773389,4.433500903402122e-15,4.49335316559805e-12
19,ELN,7.834109,3.6513603,4.721793404976971e-15,1.0767459635874359e-11
15,IGHG2,-7.802692,-1.6553706,6.060028159145176e-15,5.818583879330813e-12
15,S100A6,7.7897024,0.552424,6.7167255250535855e-15,6.1266611876776285e-12
13,TMSB10,7.7793584,0.47853383,7.289319628722718e-15,5.7816981733386324e-12
15,COL1A1,-7.655595,-0.7354117,1.9241936406470348e-14,1.67157450411066e-11
12,S100A6,7.6471004,0.4708031,2.0556187993998133e-14,1.562527239893783e-11
13,SPARC,-7.6171165,-1.1271576,2.5940535762046592e-14,1.9718049746125665e-11
19,IGHA1,-7.5958304,-1.6193626,3.058251057635763e-14,6.19907489382769e-11
12,SCGB3A1,-7.553027,-2.6491497,4.252555208716366e-14,3.1031745869045064e-11
13,SHISA3,7.5343046,0.95380723,4.9094436660481434e-14,3.582519231988651e-11
13,SFTPB,-7.5232015,-1.5443686,5.345090565999735e-14,3.750403353674352e-11
15,IGHM,-7.463135,-1.8032168,8.448798367220843e-14,7.005974027873174e-11
17,CD74,-7.452445,-0.8885472,9.162591290757233e-14,1.3929429409773682e-10
16,S100A6,7.444819,0.62552977,9.707759184259186e-14,1.1806576719896023e-10
13,IGHG2,-7.3546886,-1.405832,1.913729292836121e-13,1.293043092192939e-10
16,VIM,-7.3424754,-0.916323,2.0967893936540718e-13,2.390733056776952e-10
18,IGLC3,-7.3377647,-1.0396928,2.1719025724500273e-13,1.3207339543068615e-09
13,RNASE1,7.329698,0.7259505,2.306714424513149e-13,1.502906830228335e-10
19,VIM,-7.2492003,-1.1537316,4.1923908060015695e-13,7.648178547388663e-10
17,A2M,-7.227757,-1.2652705,4.910359143928999e-13,6.890744758668979e-10
17,MT-CO2,7.212352,0.63132954,5.49936801279981e-13,7.166069332679066e-10
15,APOE,-7.206264,-0.94348603,5.750791008219344e-13,4.5613774070845864e-10
13,MT-CYB,7.170922,0.45614743,7.449454744939387e-13,4.686220790066526e-10
18,IGLC2,-7.1213984,-0.9124707,1.0683759296207171e-12,4.872595521017686e-09
12,COL6A3,-7.1024666,-1.2183782,1.2254961098097103e-12,8.598740588945594e-10
12,TIMP1,-7.08312,-0.9591988,1.409446702881845e-12,9.523161555805e-10
16,APOE,-7.0753665,-1.175866,1.490543667640544e-12,1.5995287134568496e-09
17,IGHA1,-7.057948,-1.2203224,1.6897923016814018e-12,2.055125397304921e-09
20,CD74,-7.0483446,-1.2930491,1.8105889495572228e-12,4.718653458110345e-09
15,C3,-7.038256,-1.4879733,1.9466084244484727e-12,1.4796657286338952e-09
15,ELF3,7.0261807,0.67110574,2.12263573699043e-12,1.5489297499966564e-09
15,B2M,-6.9883432,-1.2405523,2.7815125745059286e-12,1.951658996027371e-09
13,IGHG3,-6.9783955,-1.5696619,2.9856988272079246e-12,1.8156034568251389e-09
12,ELF3,6.978049,0.5845126,2.9930785952333947e-12,1.9500976004586722e-09
17,CEACAM5,6.9142456,0.997635,4.7036029254993274e-12,5.3629892606177645e-09
12,SFTPA2,-6.855108,-1.2531161,7.12588599012506e-12,4.482673728201775e-09
19,IGHG1,-6.8091354,-0.94598204,9.81870160854151e-12,1.6283870313147525e-08
12,IGHG2,-6.7829833,-1.1001416,1.177191837983757e-11,7.158503566779227e-09
15,TIMP1,-6.749484,-1.073162,1.483719872576022e-11,1.0025000605705322e-08
17,NFKBIA,6.7399154,0.900209,1.584789903767471e-11,1.700666012613528e-08
15,SFTPB,-6.7280374,-1.441509,1.7196656682970935e-11,1.1204235995265671e-08
20,COL1A2,-6.690322,-2.027426,2.2268041921941387e-11,5.077948609774709e-08
17,SLC34A2,6.638277,0.6956815,3.1737049148930465e-11,3.216549931244102e-08
15,COL6A3,-6.544598,-1.3799225,5.965553666702529e-11,3.7527446738501463e-08
15,LYZ,-6.535869,-1.2896949,6.324118013754825e-11,3.845696164164309e-08
19,APOE,-6.529699,-1.3759068,6.59020476949394e-11,1.0018758800823162e-07
17,CLDN4,6.528872,0.8655625,6.626685452246763e-11,6.362664352912512e-08
16,IGHM,-6.4656205,-1.9225048,1.0088400886357933e-10,1.0224594298323765e-07
20,IGHG1,-6.4619164,-1.1714278,1.0338504780948984e-10,2.0956149190983587e-07
19,TMSB4X,-6.3960376,-0.74189615,1.594606472485559e-10,2.2377235290426194e-07
20,COL1A1,-6.394086,-1.1972822,1.6151063389759407e-10,2.9464384941938087e-07
19,A2M,-6.3666954,-1.1992784,1.9314444341258425e-10,2.516810057982696e-07
20,A2M,-6.357042,-1.7403921,2.0567628881033085e-10,3.4110477606971506e-07
16,TIMP1,-6.3254566,-1.2725823,2.5248462650257277e-10,2.424251074361282e-07
16,C3,-6.144775,-1.6415069,8.007707675727821e-10,7.304230556415133e-07
17,COL1A2,-6.0914893,-1.0561352,1.1186489232698028e-09,1.0182726269905844e-06
17,SAT1,6.0840063,0.6425437,1.1721605638766798e-09,1.0182726269905844e-06
17,CAPN2,6.053601,0.7842259,1.4164347128760976e-09,1.174546293954484e-06
17,VIM,-6.0350337,-0.786516,1.5892957979235541e-09,1.2605879670225825e-06
18,IGKC,-5.97084,-0.6639538,2.3603483605897543e-09,8.611967028447777e-06
17,MT-CYB,5.922408,0.51747936,3.17260759728178e-09,2.411578349883813e-06
16,COL1A1,-5.920346,-0.67867017,3.2126499520804284e-09,2.7908749083715835e-06
16,COL6A3,-5.8449063,-1.509974,5.068537171666e-09,4.202969255577401e-06
16,IGHG2,-5.7585735,-1.3639876,8.48276985733984e-09,6.728311761193509e-06
16,IGHG3,-5.7493744,-1.6954648,8.957424843499017e-09,6.80876255916469e-06
18,CD74,-5.7439103,-0.7470048,9.251482324854777e-09,2.812913200872095e-05
19,IGHM,-5.7351313,-2.1729453,9.743677594486222e-09,1.1850260690414143e-05
17,TMSB10,5.6999993,0.4878542,1.1980800016016219e-08,8.742629387687355e-06
19,ZFP36,-5.675079,-1.0084592,1.3862471143187242e-08,1.58058163165728e-05
20,VIM,-5.671673,-1.1030827,1.4140979513826545e-08,2.1497824105894804e-05
16,MT-CO3,5.659807,0.3282398,1.5154317237104728e-08,1.1058408374260062e-05
16,FTL,-5.5930653,-1.118924,2.2309566754097832e-08,1.565359331903872e-05
16,SPARC,-5.5227823,-0.97975385,3.336726771157334e-08,2.2545150550453053e-05
17,APOE,-5.46464,-0.9482908,4.6384629025498166e-08,3.254595335816012e-05
17,CD55,5.430332,0.7363612,5.624922069387905e-08,3.8005723448830945e-05
16,ELF3,5.4138713,0.62341756,6.16764821917323e-08,4.018443087942045e-05
18,A2M,-5.4134226,-0.96445584,6.183129595565949e-08,0.000161141190302728
19,OAZ1,-5.347567,-1.181145,8.914438059029547e-08,9.566240794757414e-05
16,CEACAM5,5.295024,0.81603086,1.1900073541543129e-07,7.485966952357632e-05
18,IGHG1,-5.2870617,-0.6966589,1.2429668821136984e-07,0.0002834430603800025
17,SPARC,-5.268225,-1.0498856,1.377490207568277e-07,8.974840663095742e-05
16,B2M,-5.267598,-1.0504512,1.3822019644470267e-07,8.405170145802369e-05
20,APOE,-5.1397305,-1.4029635,2.7513259836708735e-07,0.0003860956916931365
17,MT-CO1,5.1355066,0.43013224,2.813848689396234e-07,0.00017701048841605344
19,SFTPB,-5.110952,-1.6697626,3.205398027317238e-07,0.0003126938634282279
19,FTH1,-5.107952,-0.583768,3.2566921038953735e-07,0.0003126938634282279
19,LYZ,-5.051127,-1.5682178,4.3921118854898185e-07,0.0004006264856349538
17,IGHM,-5.0238757,-1.4087598,5.063895635410911e-07,0.0003079354935893375
21,IGLC3,-4.9825044,-0.93981856,6.276657281041353e-07,0.00572525293890187
19,SFTPA2,-4.9286017,-1.7154732,8.282023425257653e-07,0.0007194712064141685
19,COL1A2,-4.853974,-0.86720836,1.2101162435793053e-06,0.0010034613923462395
19,B2M,-4.8215847,-1.2402133,1.4242214737184715e-06,0.0011296553193498294
20,IGHA1,-4.744821,-1.1081222,2.0869090105524973e-06,0.002719391505679229
19,IGHG2,-4.691971,-1.3249559,2.7058601713138404e-06,0.002056791962719933
20,FTH1,-4.669229,-0.6954051,3.0233224182371613e-06,0.0036769647250600355
20,SPARC,-4.647932,-1.4107486,3.3527955003509733e-06,0.003822815519556425
18,IGHA1,-4.6477604,-0.80844074,3.3555823711638833e-06,0.006801765466349191
19,DUSP1,-4.628802,-1.0320728,3.6778729970456993e-06,0.0026838174834041876
19,SCGB3A1,-4.557571,-2.8180857,5.174865766852517e-06,0.003630964468641941
20,DUSP1,-4.529236,-1.482666,5.919732941664612e-06,0.006352569885575737
19,CXCR4,-4.394283,-1.4822465,1.1113901487735803e-05,0.007509292771880158
21,CD74,-4.362412,-0.791663,1.286364384650386e-05,0.07822381823058996
20,TIMP1,-4.354004,-1.396419,1.3367342629360977e-05,0.013547801754857348
18,VIM,-4.3215747,-0.56844395,1.5491943422177353e-05,0.0264147525124784
18,SFTPA2,-4.315457,-1.3162094,1.592732980525475e-05,0.0264147525124784
19,COL3A1,-4.279849,-0.54862905,1.8702018392877138e-05,0.012185032912187773
20,SFTPB,-4.2403083,-1.8667064,2.2321296765675512e-05,0.021431969310327283
21,A2M,-4.2323995,-1.0487537,2.312114923346706e-05,0.10544978136653489
18,SFTPB,-4.2087145,-1.1911573,2.5682777271920346e-05,0.0390442421476369
20,IGHG2,-4.2008667,-1.5933892,2.6589518927885575e-05,0.023758979294033637
19,FTL,-4.193456,-0.95867735,2.747363306323208e-05,0.017282809930087684
20,COL6A3,-4.18622,-1.7556978,2.836383430296062e-05,0.023758979294033637
20,ZFP36,-4.183924,-0.97123027,2.8651951130227486e-05,0.023758979294033637
19,IGHG3,-4.1660585,-1.3636224,3.099108742834293e-05,0.018845680265175333
18,IGHM,-4.1287694,-1.2182198,3.6470985699572015e-05,0.05118001477825325
20,IGHM,-4.0926747,-1.7800287,4.264258287633701e-05,0.033822984322305044
18,SPARC,-4.0565696,-0.8408076,4.979873063158262e-05,0.06489130306514013
20,MGP,-3.9745867,-2.06888,7.050156792530606e-05,0.05359000431922327
18,SCGB3A1,-3.970218,-1.9405193,7.180691279769519e-05,0.08733156734455688
20,LYZ,-3.948742,-1.5575935,7.856298526734098e-05,0.057328981609284055
20,C3,-3.9364815,-1.5742416,8.268497731405546e-05,0.058016232351550526
18,TMSB4X,-3.922133,-0.53886354,8.776851826291673e-05,0.10007256741689936
21,IGHG1,-3.9088533,-0.6897432,9.273524854543147e-05,0.3383538278428613
20,FTL,-3.874785,-1.2368058,0.00010671891020816789,0.07210641033065211
18,IGHG2,-3.824774,-0.9577443,0.0001308920654151834,0.14046258525701125
20,EEF2,-3.767249,-1.8612834,0.00016505625126085624,0.10423548104174454
20,TMSB4X,-3.76628,-0.61964655,0.00016569801842956705,0.10423548104174454
18,B2M,-3.765235,-0.8555087,0.00016639254531565788,0.16863884467741924
18,OAZ1,-3.7351785,-0.70377445,0.0001875820579757728,0.1801083938764223
20,SCGB3A1,-3.6573727,-3.0531607,0.0002548137260876817,0.15495222683391924
21,APOE,-3.5458467,-0.91986156,0.0003913536884186844,0.9999867073790591
21,IGLC2,-3.5119848,-0.591975,0.0004447732188277395,0.9999867073790591
18,IGHG3,-3.4316182,-1.0016152,0.0005999915808782625,0.5472823204981072
21,C3,-3.3238988,-1.30214,0.0008876842609628519,0.9999867073790591
18,APOE,-3.3205473,-0.5356015,0.0008984110615950731,0.7804625236513771
21,SFTPA2,-3.3191082,-1.4778924,0.0009030540530139332,0.9999867073790591
18,EEF2,-3.1940491,-0.9418529,0.0014029219870488638,0.9999633272356847
18,ZFP36,-3.1812396,-0.47398788,0.0014664631939200574,0.9999633272356847
18,FTH1,-3.1454093,-0.3449511,0.00165854600356651,0.9999633272356847
18,TIMP1,-3.1340978,-0.6222552,0.0017238342323012748,0.9999633272356847
21,SFTPB,-3.1230228,-1.2576091,0.0017900386392054489,0.9999867073790591
18,MCL1,-3.1118138,-0.6104533,0.0018594180945742398,0.9999633272356847
18,DUSP1,-3.0792747,-0.5807568,0.002075052164825725,0.9999633272356847
21,COL1A1,-3.0410244,-0.5537781,0.0023577477388082185,0.9999867073790591
18,FOS,-3.0267606,-0.47828856,0.002471896581132763,0.9999633272356847
18,LYZ,-3.0080676,-0.69866866,0.0026291454985365986,0.9999633272356847
18,BGN,-3.0055346,-0.9521889,0.0026511439216426406,0.9999633272356847
21,IGHM,-2.9405775,-1.1893959,0.0032760107854844997,0.9999867073790591
21,FOS,-2.9062598,-0.701158,0.003657777276845283,0.9999867073790591
21,TIMP1,-2.9014664,-0.86848044,0.0037142057432950726,0.9999867073790591
21,NPC2,-2.8447814,-1.1418326,0.004444191696222434,0.9999867073790591
21,IGKC,-2.832013,-0.40257496,0.004625597706646364,0.9999867073790591
21,ZFP36,-2.7078295,-0.60940933,0.006772483056158058,0.9999867073790591
21,IGHG2,-2.6785977,-0.9573947,0.007393114464092306,0.9999867073790591
21,IGHG3,-2.6048167,-1.0679313,0.00919234521156992,0.9999867073790591
21,SPARC,-2.4128094,-0.64975876,0.015830096354418666,0.9999867073790591
21,DUSP1,-2.2555459,-0.59011453,0.02409908218672385,0.9999867073790591
21,VIM,-2.2521384,-0.40616778,0.024313536170821708,0.9999867073790591
21,RGS1,-2.2312946,-1.0106882,0.02566161252485052,0.9999867073790591
21,OAZ1,-2.2289553,-0.5300451,0.025816884808795067,0.9999867073790591
21,DCN,-2.1997457,-0.9374772,0.027824937298525428,0.9999867073790591
21,CEACAM6,2.1340313,0.31607687,0.032840212883204864,0.9999867073790591
21,BGN,-2.0808437,-0.8812353,0.037448217031877756,0.9999867073790591
21,PSAP,-1.9964297,-0.6363497,0.04588717542000535,0.9999867073790591
21,CFLAR,-1.98573,-1.0746413,0.04706330871497587,0.9999867073790591
21,LYZ,-1.9850726,-0.5980867,0.04713639904467813,0.9999867073790591
